id,zpid,state,county,address,city,zipcode,url,price,acres,price_per_acre,days_on_market,score,status,roi_pct,net_profit,red_flags,zoning,raw_json
9797,2056447435,NC,Cumberland County,"Lake Ave, Fayetteville, NC, 28301",Fayetteville,28301,https://www.zillow.com/homedetail/MobileAppHDPShopperPlatformServicePage.htm?fromApp=true&p=ipad&variant=FOR_SALE#zpid=2056447435&homeDetailsVariant=FOR_SALE&webviewLayout=doubleScroll&showFactsAndFeatures=true&fromApp=true&gmaps=false&streetview=false,35000.0,26.0,1346.15,16,80,review,443.04,155064.13,Projected profit is estimated,,"{""property"": {""zpid"": 2056447435, ""location"": {""latitude"": 35.044662, ""longitude"": -79.066734}, ""address"": {""streetAddress"": ""Lake Ave"", ""zipcode"": ""28301"", ""city"": ""Fayetteville"", ""state"": ""NC""}, ""media"": {""propertyPhotoLinks"": {""mediumSizeLink"": ""https://photos.zillowstatic.com/fp/37942d7877c8c2d3b6803e13063b573b-p_c.jpg"", ""highResolutionLink"": ""https://photos.zillowstatic.com/fp/37942d7877c8c2d3b6803e13063b573b-p_f.jpg""}, ""thirdPartyPhotoLinks"": {}, ""hasVRModel"": false, ""hasVideos"": false, ""hasIMX"": false, ""hasApprovedThirdPartyVirtualTour"": false, ""allPropertyPhotos"": {""medium"": [""https://photos.zillowstatic.com/fp/37942d7877c8c2d3b6803e13063b573b-p_c.jpg""], ""highResolution"": [""https://photos.zillowstatic.com/fp/37942d7877c8c2d3b6803e13063b573b-p_f.jpg""]}}, ""isFeatured"": false, ""isShowcaseListing"": false, ""rental"": {""areApplicationsAccepted"": false, ""hasVirtualTour"": false}, ""currency"": ""usd"", ""country"": ""usa"", ""listingDateTimeOnZillow"": 1771966064106, ""bestGuessTimeZone"": ""America/New_York"", ""isUnmappable"": false, ""listCardRecommendation"": {""flexFieldRecommendations"": [{""displayString"": ""Scenic appeal"", ""flexFieldType"": ""homeInsight"", ""contentType"": ""homeInsight""}, {""displayString"": ""16 days on Zillow"", ""flexFieldType"": ""daysOnZillow"", ""contentType"": ""daysOnZillow""}]}, ""bathrooms"": 0.0, ""lotSizeWithUnit"": {""lotSize"": 26.0, ""lotSizeUnit"": ""acres""}, ""propertyType"": ""land"", ""listing"": {""listingStatus"": ""forSale"", ""marketingStatus"": ""active"", ""palsId"": ""388006_757886"", ""listingSubType"": {""isFSBA"": true}}, ""daysOnZillow"": 16, ""isPreforeclosureAuction"": false, ""price"": {""value"": 35000}, ""estimates"": {""rentZestimate"": 1258}, ""zillowOwnedProperty"": {""isZillowOwned"": false}, ""hdpView"": {""listingStatus"": ""forSale"", ""price"": 35000, ""hdpUrl"": ""/homedetail/MobileAppHDPShopperPlatformServicePage.htm?fromApp=true&p=ipad&variant=FOR_SALE#zpid=2056447435&homeDetailsVariant=FOR_SALE&webviewLayout=doubleScroll&showFactsAndFeatures=true&fromApp=true&gmaps=false&streetview=false""}, ""region"": {}, ""personalizedResult"": {""isViewed"": false, ""userRecommendation"": {""isRecommendedForYou"": false}}, ""propertyDisplayRules"": {""canShowAddress"": true, ""canShowOnMap"": true, ""agent"": {""agentName"": ""GARLINDA PRICE""}, ""mls"": {""mlsName"": ""LPRMLS"", ""brokerName"": ""FUSION PROPERTIES""}, ""builder"": {}, ""soldByOffice"": {}, ""listingCategory"": ""category1""}, ""ssid"": 388, ""hasFloorPlan"": false}, ""resultType"": ""property""}"
9875,453249996,NC,Moore County,"13766 Nc 24-27 Highway, Eagle Springs, NC, 27242",Eagle Springs,27242,https://www.zillow.com/homedetail/MobileAppHDPShopperPlatformServicePage.htm?fromApp=true&p=ipad&variant=FOR_SALE#zpid=453249996&homeDetailsVariant=FOR_SALE&webviewLayout=doubleScroll&showFactsAndFeatures=true&fromApp=true&gmaps=false&streetview=false,300000.0,49.16,6102.52,21,65,review,87.4,262193.85,Projected profit is estimated,,"{""property"": {""zpid"": 453249996, ""location"": {""latitude"": 35.407677, ""longitude"": -79.60051}, ""address"": {""streetAddress"": ""13766 Nc 24-27 Highway"", ""zipcode"": ""27242"", ""city"": ""Eagle Springs"", ""state"": ""NC"", ""buildingId"": 2513459965}, ""media"": {""propertyPhotoLinks"": {""mediumSizeLink"": ""https://photos.zillowstatic.com/fp/1b32ded993d6adb9fae8e142a4cd149a-p_c.jpg"", ""highResolutionLink"": ""https://photos.zillowstatic.com/fp/1b32ded993d6adb9fae8e142a4cd149a-p_f.jpg""}, ""thirdPartyPhotoLinks"": {}, ""hasVRModel"": false, ""hasVideos"": false, ""hasIMX"": false, ""hasApprovedThirdPartyVirtualTour"": false, ""allPropertyPhotos"": {""highResolution"": [""https://photos.zillowstatic.com/fp/1b32ded993d6adb9fae8e142a4cd149a-p_f.jpg"", ""https://photos.zillowstatic.com/fp/f112eb9c1e675bcd8cfc053e45035774-p_f.jpg""], ""medium"": [""https://photos.zillowstatic.com/fp/1b32ded993d6adb9fae8e142a4cd149a-p_c.jpg"", ""https://photos.zillowstatic.com/fp/f112eb9c1e675bcd8cfc053e45035774-p_c.jpg""]}}, ""isFeatured"": false, ""isShowcaseListing"": false, ""rental"": {""areApplicationsAccepted"": false, ""hasVirtualTour"": false}, ""currency"": ""usd"", ""country"": ""usa"", ""listingDateTimeOnZillow"": 1771459200000, ""bestGuessTimeZone"": ""America/New_York"", ""isUnmappable"": false, ""listCardRecommendation"": {""flexFieldRecommendations"": [{""displayString"": ""Natural privacy"", ""flexFieldType"": ""homeInsight"", ""contentType"": ""homeInsight""}, {""displayString"": ""21 days on Zillow"", ""flexFieldType"": ""daysOnZillow"", ""contentType"": ""daysOnZillow""}]}, ""bathrooms"": 0.0, ""lotSizeWithUnit"": {""lotSize"": 49.16, ""lotSizeUnit"": ""acres""}, ""propertyType"": ""land"", ""listing"": {""listingStatus"": ""forSale"", ""marketingStatus"": ""active"", ""palsId"": ""2651002_100555738"", ""listingSubType"": {""isFSBA"": true}}, ""daysOnZillow"": 21, ""isPreforeclosureAuction"": false, ""price"": {""value"": 300000}, ""estimates"": {}, ""zillowOwnedProperty"": {""isZillowOwned"": false}, ""hdpView"": {""listingStatus"": ""forSale"", ""price"": 300000, ""hdpUrl"": ""/homedetail/MobileAppHDPShopperPlatformServicePage.htm?fromApp=true&p=ipad&variant=FOR_SALE#zpid=453249996&homeDetailsVariant=FOR_SALE&webviewLayout=doubleScroll&showFactsAndFeatures=true&fromApp=true&gmaps=false&streetview=false""}, ""region"": {}, ""personalizedResult"": {""isViewed"": false, ""userRecommendation"": {""isRecommendedForYou"": false}}, ""propertyDisplayRules"": {""canShowAddress"": true, ""canShowOnMap"": true, ""agent"": {}, ""mls"": {""brokerName"": ""ChadHigby.com, LLC""}, ""builder"": {}, ""soldByOffice"": {}, ""providerLogo"": ""https://photos.zillowstatic.com/fp/411dcf2c0fca613d54315df506423c4f-zillow_apps_95_35.jpg"", ""listingCategory"": ""category1""}, ""ssid"": 2651, ""hasFloorPlan"": false}, ""resultType"": ""property""}"
9864,441744314,NC,Surry County,"Xx Stardust Trl, Mount Airy, NC, 27030",Mount Airy,27030,https://www.zillow.com/homedetail/MobileAppHDPShopperPlatformServicePage.htm?fromApp=true&p=ipad&variant=FOR_SALE#zpid=441744314&homeDetailsVariant=FOR_SALE&webviewLayout=doubleScroll&showFactsAndFeatures=true&fromApp=true&gmaps=false&streetview=false,200000.0,44.93,4451.37,317,55,manual_review,98.45,196894.0,"Projected profit is estimated, Long DOM, Borderline deal kept for manual review",,"{""property"": {""zpid"": 441744314, ""location"": {""latitude"": 36.53287, ""longitude"": -80.53898}, ""address"": {""streetAddress"": ""Xx Stardust Trl"", ""zipcode"": ""27030"", ""city"": ""Mount Airy"", ""state"": ""NC""}, ""media"": {""propertyPhotoLinks"": {""mediumSizeLink"": ""https://photos.zillowstatic.com/fp/f02478291e3a9622923926992158b6f0-p_c.jpg"", ""highResolutionLink"": ""https://photos.zillowstatic.com/fp/f02478291e3a9622923926992158b6f0-p_f.jpg""}, ""thirdPartyPhotoLinks"": {}, ""hasVRModel"": false, ""hasVideos"": false, ""hasIMX"": false, ""hasApprovedThirdPartyVirtualTour"": false, ""allPropertyPhotos"": {""highResolution"": [""https://photos.zillowstatic.com/fp/f02478291e3a9622923926992158b6f0-p_f.jpg"", ""https://photos.zillowstatic.com/fp/e35252c7a444f11bda314ffdf33e42e5-p_f.jpg"", ""https://photos.zillowstatic.com/fp/fedd4edeb3c2356a3298df11f13e4b8a-p_f.jpg"", ""https://photos.zillowstatic.com/fp/9e12a98b29d4a02f79a56dd8650d527a-p_f.jpg"", ""https://photos.zillowstatic.com/fp/c45c2db06ed27a840f72760d0e2b42ee-p_f.jpg"", ""https://photos.zillowstatic.com/fp/f51cab341f44853cc6eab92fb6cbe3cd-p_f.jpg"", ""https://photos.zillowstatic.com/fp/a945592bb6506be3295317e5a5d37c36-p_f.jpg"", ""https://photos.zillowstatic.com/fp/c7f5cd7b0531ff0521e85be81f8b0512-p_f.jpg"", ""https://photos.zillowstatic.com/fp/c45f887355ae720cc695a8903f2b1012-p_f.jpg"", ""https://photos.zillowstatic.com/fp/54193d31e36e15b9ae4336be2fb25f85-p_f.jpg"", ""https://photos.zillowstatic.com/fp/58d1f9db79498da6f0b7137085ebacc8-p_f.jpg"", ""https://photos.zillowstatic.com/fp/2441f4048ec0a8d282fd54e3fb49e046-p_f.jpg"", ""https://photos.zillowstatic.com/fp/d98ac0d77634863f9f395c6da0c2b9c0-p_f.jpg"", ""https://photos.zillowstatic.com/fp/a07111db159d087aaa012358258fc443-p_f.jpg"", ""https://photos.zillowstatic.com/fp/96412c41a7b286e248abd90d8a769dda-p_f.jpg"", ""https://photos.zillowstatic.com/fp/1afb663c5a66d341b8dabba8ef20fb3a-p_f.jpg"", ""https://photos.zillowstatic.com/fp/23483d797a259b1001ba40b4ce030ea0-p_f.jpg"", ""https://photos.zillowstatic.com/fp/10ac7fad0654baf84c7e36189a8b045d-p_f.jpg"", ""https://photos.zillowstatic.com/fp/1bbaeaeaee0965d171f4fcb0a5dcbd49-p_f.jpg"", ""https://photos.zillowstatic.com/fp/3c5cb1f3b13f22fbcab8d9740c21c43e-p_f.jpg"", ""https://photos.zillowstatic.com/fp/7e1b7dd977862b47653ba30ed9791b4c-p_f.jpg"", ""https://photos.zillowstatic.com/fp/a13d65f6428fd20a4a6df359de645f71-p_f.jpg"", ""https://photos.zillowstatic.com/fp/0cafcf21b1e7bc22b3239d35262809cc-p_f.jpg"", ""https://photos.zillowstatic.com/fp/2e9f9a2a4c25fa1f811d8cd2c255d985-p_f.jpg"", ""https://photos.zillowstatic.com/fp/0f7037f3c45d0a0d3dc3046bc2f9459b-p_f.jpg"", ""https://photos.zillowstatic.com/fp/d167da88e1c505d09795bfa5606d32f9-p_f.jpg"", ""https://photos.zillowstatic.com/fp/e90d4d51456c601f4b978f802597f864-p_f.jpg"", ""https://photos.zillowstatic.com/fp/345d83305d9c0e484b09a24ef06708d8-p_f.jpg"", ""https://photos.zillowstatic.com/fp/92c089582d4e7d22046d5e49859794b5-p_f.jpg"", ""https://photos.zillowstatic.com/fp/25d8f0933d65438a42edc72d21c4d3f0-p_f.jpg"", ""https://photos.zillowstatic.com/fp/8cadbb7f044d677a7a513ed648a4380f-p_f.jpg"", ""https://photos.zillowstatic.com/fp/65d59b7eb96f13b73524ba351ad35a0e-p_f.jpg"", ""https://photos.zillowstatic.com/fp/c3981429b282efa90c02a0105751bd1f-p_f.jpg"", ""https://photos.zillowstatic.com/fp/f4376d686a45404340f0cd9755d637bf-p_f.jpg"", ""https://photos.zillowstatic.com/fp/504893992908d11b46bef5dd5618a51c-p_f.jpg"", ""https://photos.zillowstatic.com/fp/f84d63438a31700681b994e55ad56991-p_f.jpg"", ""https://photos.zillowstatic.com/fp/19d464713e0948f3cfdb3ab833974cdb-p_f.jpg""], ""medium"": [""https://photos.zillowstatic.com/fp/f02478291e3a9622923926992158b6f0-p_c.jpg"", ""https://photos.zillowstatic.com/fp/e35252c7a444f11bda314ffdf33e42e5-p_c.jpg"", ""https://photos.zillowstatic.com/fp/fedd4edeb3c2356a3298df11f13e4b8a-p_c.jpg"", ""https://photos.zillowstatic.com/fp/9e12a98b29d4a02f79a56dd8650d527a-p_c.jpg"", ""https://photos.zillowstatic.com/fp/c45c2db06ed27a840f72760d0e2b42ee-p_c.jpg"", ""https://photos.zillowstatic.com/fp/f51cab341f44853cc6eab92fb6cbe3cd-p_c.jpg"", ""https://photos.zillowstatic.com/fp/a945592bb6506be3295317e5a5d37c36-p_c.jpg"", ""https://photos.zillowstatic.com/fp/c7f5cd7b0531ff0521e85be81f8b0512-p_c.jpg"", ""https://photos.zillowstatic.com/fp/c45f887355ae720cc695a8903f2b1012-p_c.jpg"", ""https://photos.zillowstatic.com/fp/54193d31e36e15b9ae4336be2fb25f85-p_c.jpg"", ""https://photos.zillowstatic.com/fp/58d1f9db79498da6f0b7137085ebacc8-p_c.jpg"", ""https://photos.zillowstatic.com/fp/2441f4048ec0a8d282fd54e3fb49e046-p_c.jpg"", ""https://photos.zillowstatic.com/fp/d98ac0d77634863f9f395c6da0c2b9c0-p_c.jpg"", ""https://photos.zillowstatic.com/fp/a07111db159d087aaa012358258fc443-p_c.jpg"", ""https://photos.zillowstatic.com/fp/96412c41a7b286e248abd90d8a769dda-p_c.jpg"", ""https://photos.zillowstatic.com/fp/1afb663c5a66d341b8dabba8ef20fb3a-p_c.jpg"", ""https://photos.zillowstatic.com/fp/23483d797a259b1001ba40b4ce030ea0-p_c.jpg"", ""https://photos.zillowstatic.com/fp/10ac7fad0654baf84c7e36189a8b045d-p_c.jpg"", ""https://photos.zillowstatic.com/fp/1bbaeaeaee0965d171f4fcb0a5dcbd49-p_c.jpg"", ""https://photos.zillowstatic.com/fp/3c5cb1f3b13f22fbcab8d9740c21c43e-p_c.jpg"", ""https://photos.zillowstatic.com/fp/7e1b7dd977862b47653ba30ed9791b4c-p_c.jpg"", ""https://photos.zillowstatic.com/fp/a13d65f6428fd20a4a6df359de645f71-p_c.jpg"", ""https://photos.zillowstatic.com/fp/0cafcf21b1e7bc22b3239d35262809cc-p_c.jpg"", ""https://photos.zillowstatic.com/fp/2e9f9a2a4c25fa1f811d8cd2c255d985-p_c.jpg"", ""https://photos.zillowstatic.com/fp/0f7037f3c45d0a0d3dc3046bc2f9459b-p_c.jpg"", ""https://photos.zillowstatic.com/fp/d167da88e1c505d09795bfa5606d32f9-p_c.jpg"", ""https://photos.zillowstatic.com/fp/e90d4d51456c601f4b978f802597f864-p_c.jpg"", ""https://photos.zillowstatic.com/fp/345d83305d9c0e484b09a24ef06708d8-p_c.jpg"", ""https://photos.zillowstatic.com/fp/92c089582d4e7d22046d5e49859794b5-p_c.jpg"", ""https://photos.zillowstatic.com/fp/25d8f0933d65438a42edc72d21c4d3f0-p_c.jpg"", ""https://photos.zillowstatic.com/fp/8cadbb7f044d677a7a513ed648a4380f-p_c.jpg"", ""https://photos.zillowstatic.com/fp/65d59b7eb96f13b73524ba351ad35a0e-p_c.jpg"", ""https://photos.zillowstatic.com/fp/c3981429b282efa90c02a0105751bd1f-p_c.jpg"", ""https://photos.zillowstatic.com/fp/f4376d686a45404340f0cd9755d637bf-p_c.jpg"", ""https://photos.zillowstatic.com/fp/504893992908d11b46bef5dd5618a51c-p_c.jpg"", ""https://photos.zillowstatic.com/fp/f84d63438a31700681b994e55ad56991-p_c.jpg"", ""https://photos.zillowstatic.com/fp/19d464713e0948f3cfdb3ab833974cdb-p_c.jpg""]}}, ""isFeatured"": false, ""isShowcaseListing"": false, ""rental"": {""areApplicationsAccepted"": false, ""hasVirtualTour"": false}, ""currency"": ""usd"", ""country"": ""usa"", ""listingDateTimeOnZillow"": 1745884800000, ""bestGuessTimeZone"": ""America/New_York"", ""isUnmappable"": false, ""listCardRecommendation"": {""flexFieldRecommendations"": [{""displayString"": ""Rich in wildlife"", ""flexFieldType"": ""homeInsight"", ""contentType"": ""homeInsight""}, {""displayString"": ""317 days on Zillow"", ""flexFieldType"": ""daysOnZillow"", ""contentType"": ""daysOnZillow""}]}, ""livingArea"": 0, ""lotSizeWithUnit"": {""lotSize"": 44.93, ""lotSizeUnit"": ""acres""}, ""propertyType"": ""land"", ""listing"": {""listingStatus"": ""forSale"", ""marketingStatus"": ""active"", ""palsId"": ""327003_1179097"", ""listingSubType"": {""isFSBA"": true}}, ""daysOnZillow"": 317, ""isPreforeclosureAuction"": false, ""price"": {""value"": 200000}, ""estimates"": {}, ""zillowOwnedProperty"": {""isZillowOwned"": false}, ""hdpView"": {""listingStatus"": ""forSale"", ""price"": 200000, ""hdpUrl"": ""/homedetail/MobileAppHDPShopperPlatformServicePage.htm?fromApp=true&p=ipad&variant=FOR_SALE#zpid=441744314&homeDetailsVariant=FOR_SALE&webviewLayout=doubleScroll&showFactsAndFeatures=true&fromApp=true&gmaps=false&streetview=false""}, ""region"": {}, ""personalizedResult"": {""isViewed"": false, ""userRecommendation"": {""isRecommendedForYou"": false}}, ""propertyDisplayRules"": {""canShowAddress"": true, ""canShowOnMap"": true, ""agent"": {}, ""mls"": {}, ""builder"": {}, ""soldByOffice"": {}, ""providerLogo"": ""https://photos.zillowstatic.com/fp/51b5dd22d4b6409f1a2acb868dafeadf-zillow_apps_95_35.jpg"", ""listingCategory"": ""category1""}, ""ssid"": 327, ""hasFloorPlan"": false}, ""resultType"": ""property""}"
9934,458296720,NC,Franklin County,"1 Cheeks Quarter Rd Lot 1, Henderson, NC, 27537",Henderson,27537,https://www.zillow.com/homedetail/MobileAppHDPShopperPlatformServicePage.htm?fromApp=true&p=ipad&variant=FOR_SALE#zpid=458296720&homeDetailsVariant=FOR_SALE&webviewLayout=doubleScroll&showFactsAndFeatures=true&fromApp=true&gmaps=false&streetview=false,284900.0,40.8,6982.84,115,50,manual_review,55.57,158323.0,"Projected profit is estimated, Borderline deal kept for manual review",,"{""property"": {""zpid"": 458296720, ""location"": {""latitude"": 36.26018, ""longitude"": -78.27877}, ""address"": {""streetAddress"": ""1 Cheeks Quarter Rd Lot 1"", ""zipcode"": ""27537"", ""city"": ""Henderson"", ""state"": ""NC"", ""buildingId"": 2361427171}, ""media"": {""propertyPhotoLinks"": {""mediumSizeLink"": ""https://photos.zillowstatic.com/fp/26afd081c12b659420b528b54b789edd-p_c.jpg"", ""highResolutionLink"": ""https://photos.zillowstatic.com/fp/26afd081c12b659420b528b54b789edd-p_f.jpg""}, ""thirdPartyPhotoLinks"": {}, ""hasVRModel"": false, ""hasVideos"": false, ""hasIMX"": false, ""hasApprovedThirdPartyVirtualTour"": false, ""allPropertyPhotos"": {""highResolution"": [""https://photos.zillowstatic.com/fp/26afd081c12b659420b528b54b789edd-p_f.jpg"", ""https://photos.zillowstatic.com/fp/2bf142845ea339036cfc48867cbf7497-p_f.jpg"", ""https://photos.zillowstatic.com/fp/0fc62d3dcc3375a4aa78e0e1e9d20942-p_f.jpg"", ""https://photos.zillowstatic.com/fp/0adc4991c1200505cf81b71ee82979de-p_f.jpg"", ""https://photos.zillowstatic.com/fp/ba1fd5610413396ca063e7bc5ce9f77e-p_f.jpg"", ""https://photos.zillowstatic.com/fp/bd101a3cae1c3c577dd19db806ec61bd-p_f.jpg"", ""https://photos.zillowstatic.com/fp/cfc7650d3b33ca945909d56be30d0d2e-p_f.jpg"", ""https://photos.zillowstatic.com/fp/814cf598fa97f044f8ab2847a74c4a12-p_f.jpg"", ""https://photos.zillowstatic.com/fp/f962fa2b36b256f9af2a9bac68a503cc-p_f.jpg"", ""https://photos.zillowstatic.com/fp/92ff119a8765b89f5651c316cc853a2a-p_f.jpg"", ""https://photos.zillowstatic.com/fp/bd2c6cf3f83bd5ff7dcc9ca49b061a01-p_f.jpg"", ""https://photos.zillowstatic.com/fp/0a00a5ddb3ba9fa589cf83031b1718bc-p_f.jpg"", ""https://photos.zillowstatic.com/fp/5cf932d00ff60ba65e1ba486f1265198-p_f.jpg"", ""https://photos.zillowstatic.com/fp/3baee7329c312a594d3ee99e0199220e-p_f.jpg"", ""https://photos.zillowstatic.com/fp/576ab15a41ff3f930bf64ded228db9a9-p_f.jpg"", ""https://photos.zillowstatic.com/fp/606330aea3d5d095898165ab1a5d93e9-p_f.jpg"", ""https://photos.zillowstatic.com/fp/7efb95ee3fe4a5d22882072da9b641a7-p_f.jpg"", ""https://photos.zillowstatic.com/fp/b208e272c691373b53977074ec83ffd3-p_f.jpg""], ""medium"": [""https://photos.zillowstatic.com/fp/26afd081c12b659420b528b54b789edd-p_c.jpg"", ""https://photos.zillowstatic.com/fp/2bf142845ea339036cfc48867cbf7497-p_c.jpg"", ""https://photos.zillowstatic.com/fp/0fc62d3dcc3375a4aa78e0e1e9d20942-p_c.jpg"", ""https://photos.zillowstatic.com/fp/0adc4991c1200505cf81b71ee82979de-p_c.jpg"", ""https://photos.zillowstatic.com/fp/ba1fd5610413396ca063e7bc5ce9f77e-p_c.jpg"", ""https://photos.zillowstatic.com/fp/bd101a3cae1c3c577dd19db806ec61bd-p_c.jpg"", ""https://photos.zillowstatic.com/fp/cfc7650d3b33ca945909d56be30d0d2e-p_c.jpg"", ""https://photos.zillowstatic.com/fp/814cf598fa97f044f8ab2847a74c4a12-p_c.jpg"", ""https://photos.zillowstatic.com/fp/f962fa2b36b256f9af2a9bac68a503cc-p_c.jpg"", ""https://photos.zillowstatic.com/fp/92ff119a8765b89f5651c316cc853a2a-p_c.jpg"", ""https://photos.zillowstatic.com/fp/bd2c6cf3f83bd5ff7dcc9ca49b061a01-p_c.jpg"", ""https://photos.zillowstatic.com/fp/0a00a5ddb3ba9fa589cf83031b1718bc-p_c.jpg"", ""https://photos.zillowstatic.com/fp/5cf932d00ff60ba65e1ba486f1265198-p_c.jpg"", ""https://photos.zillowstatic.com/fp/3baee7329c312a594d3ee99e0199220e-p_c.jpg"", ""https://photos.zillowstatic.com/fp/576ab15a41ff3f930bf64ded228db9a9-p_c.jpg"", ""https://photos.zillowstatic.com/fp/606330aea3d5d095898165ab1a5d93e9-p_c.jpg"", ""https://photos.zillowstatic.com/fp/7efb95ee3fe4a5d22882072da9b641a7-p_c.jpg"", ""https://photos.zillowstatic.com/fp/b208e272c691373b53977074ec83ffd3-p_c.jpg""]}}, ""isFeatured"": false, ""isShowcaseListing"": false, ""rental"": {""areApplicationsAccepted"": false, ""hasVirtualTour"": false}, ""currency"": ""usd"", ""country"": ""usa"", ""listingDateTimeOnZillow"": 1763387723051, ""bestGuessTimeZone"": ""America/New_York"", ""isUnmappable"": false, ""listCardRecommendation"": {""flexFieldRecommendations"": [{""displayString"": ""115 days on Zillow"", ""flexFieldType"": ""daysOnZillow"", ""contentType"": ""daysOnZillow""}]}, ""lotSizeWithUnit"": {""lotSize"": 40.8, ""lotSizeUnit"": ""acres""}, ""propertyType"": ""land"", ""listing"": {""listingStatus"": ""forSale"", ""marketingStatus"": ""active"", ""palsId"": ""320003_10133454"", ""listingSubType"": {""isFSBA"": true}}, ""daysOnZillow"": 115, ""isPreforeclosureAuction"": false, ""price"": {""value"": 284900, ""changedDate"": 1768798800000, ""priceChange"": -15000}, ""estimates"": {}, ""zillowOwnedProperty"": {""isZillowOwned"": false}, ""hdpView"": {""listingStatus"": ""forSale"", ""price"": 284900, ""hdpUrl"": ""/homedetail/MobileAppHDPShopperPlatformServicePage.htm?fromApp=true&p=ipad&variant=FOR_SALE#zpid=458296720&homeDetailsVariant=FOR_SALE&webviewLayout=doubleScroll&showFactsAndFeatures=true&fromApp=true&gmaps=false&streetview=false""}, ""region"": {}, ""personalizedResult"": {""isViewed"": false, ""userRecommendation"": {""isRecommendedForYou"": false}}, ""propertyDisplayRules"": {""canShowAddress"": true, ""canShowOnMap"": true, ""agent"": {}, ""mls"": {}, ""builder"": {}, ""soldByOffice"": {}, ""providerLogo"": ""https://photos.zillowstatic.com/fp/8f81af8b8026a5a5b638c44107c86860-zillow_apps_95_35.jpg"", ""listingCategory"": ""category1""}, ""ssid"": 320, ""hasFloorPlan"": false}, ""resultType"": ""property""}"
9820,2129173028,NC,Beaufort County,"00 Poore Farm Road, Chocowinity, NC, 27817",Chocowinity,27817,https://www.zillow.com/homedetail/MobileAppHDPShopperPlatformServicePage.htm?fromApp=true&p=ipad&variant=FOR_SALE#zpid=2129173028&homeDetailsVariant=FOR_SALE&webviewLayout=doubleScroll&showFactsAndFeatures=true&fromApp=true&gmaps=false&streetview=false,32000.0,27.0,1185.19,295,70,manual_review,167.96,53746.63,"Projected profit is estimated, Long DOM",,"{""property"": {""zpid"": 2129173028, ""location"": {""latitude"": 35.512085, ""longitude"": -77.07059}, ""address"": {""streetAddress"": ""00 Poore Farm Road"", ""zipcode"": ""27817"", ""city"": ""Chocowinity"", ""state"": ""NC""}, ""media"": {""propertyPhotoLinks"": {""mediumSizeLink"": ""https://photos.zillowstatic.com/fp/af141bfa274ad1872614c87e9422ba2b-p_c.jpg"", ""highResolutionLink"": ""https://photos.zillowstatic.com/fp/af141bfa274ad1872614c87e9422ba2b-p_f.jpg""}, ""thirdPartyPhotoLinks"": {}, ""hasVRModel"": false, ""hasVideos"": false, ""hasIMX"": false, ""hasApprovedThirdPartyVirtualTour"": false, ""allPropertyPhotos"": {""medium"": [""https://photos.zillowstatic.com/fp/af141bfa274ad1872614c87e9422ba2b-p_c.jpg"", ""https://photos.zillowstatic.com/fp/3a2110cd2f03a226306ea4c00ace8c07-p_c.jpg"", ""https://photos.zillowstatic.com/fp/0d44c12aee10a214130ca8e1b83fa394-p_c.jpg""], ""highResolution"": [""https://photos.zillowstatic.com/fp/af141bfa274ad1872614c87e9422ba2b-p_f.jpg"", ""https://photos.zillowstatic.com/fp/3a2110cd2f03a226306ea4c00ace8c07-p_f.jpg"", ""https://photos.zillowstatic.com/fp/0d44c12aee10a214130ca8e1b83fa394-p_f.jpg""]}}, ""isFeatured"": false, ""isShowcaseListing"": false, ""rental"": {""areApplicationsAccepted"": false, ""hasVirtualTour"": false}, ""currency"": ""usd"", ""country"": ""usa"", ""listingDateTimeOnZillow"": 1747785600000, ""bestGuessTimeZone"": ""America/New_York"", ""isUnmappable"": false, ""listCardRecommendation"": {""flexFieldRecommendations"": [{""displayString"": ""295 days on Zillow"", ""flexFieldType"": ""daysOnZillow"", ""contentType"": ""daysOnZillow""}]}, ""bathrooms"": 0.0, ""lotSizeWithUnit"": {""lotSize"": 27.0, ""lotSizeUnit"": ""acres""}, ""propertyType"": ""land"", ""listing"": {""listingStatus"": ""forSale"", ""marketingStatus"": ""active"", ""palsId"": ""2651002_100508897"", ""listingSubType"": {""isFSBA"": true}}, ""daysOnZillow"": 295, ""isPreforeclosureAuction"": false, ""price"": {""value"": 32000}, ""estimates"": {""rentZestimate"": 1248}, ""zillowOwnedProperty"": {""isZillowOwned"": false}, ""hdpView"": {""listingStatus"": ""forSale"", ""price"": 32000, ""hdpUrl"": ""/homedetail/MobileAppHDPShopperPlatformServicePage.htm?fromApp=true&p=ipad&variant=FOR_SALE#zpid=2129173028&homeDetailsVariant=FOR_SALE&webviewLayout=doubleScroll&showFactsAndFeatures=true&fromApp=true&gmaps=false&streetview=false""}, ""region"": {}, ""personalizedResult"": {""isViewed"": false, ""userRecommendation"": {""isRecommendedForYou"": false}}, ""propertyDisplayRules"": {""canShowAddress"": true, ""canShowOnMap"": true, ""agent"": {}, ""mls"": {""brokerName"": ""The Rich Company""}, ""builder"": {}, ""soldByOffice"": {}, ""providerLogo"": ""https://photos.zillowstatic.com/fp/411dcf2c0fca613d54315df506423c4f-zillow_apps_95_35.jpg"", ""listingCategory"": ""category1""}, ""ssid"": 2651, ""hasFloorPlan"": false}, ""resultType"": ""property""}"
9873,343667210,NC,Sampson County,"2 Harrells Highway, Garland, NC, 28441",Garland,28441,https://www.zillow.com/homedetail/MobileAppHDPShopperPlatformServicePage.htm?fromApp=true&p=ipad&variant=FOR_SALE#zpid=343667210&homeDetailsVariant=FOR_SALE&webviewLayout=doubleScroll&showFactsAndFeatures=true&fromApp=true&gmaps=false&streetview=false,53000.0,26.58,1993.98,739,70,manual_review,177.85,94261.0,"Projected profit is estimated, Long DOM",,"{""property"": {""zpid"": 343667210, ""location"": {""latitude"": 34.76581, ""longitude"": -78.33551}, ""address"": {""streetAddress"": ""2 Harrells Highway"", ""zipcode"": ""28441"", ""city"": ""Garland"", ""state"": ""NC""}, ""media"": {""propertyPhotoLinks"": {""mediumSizeLink"": ""https://photos.zillowstatic.com/fp/2894012ecba745e394cb11f1a1f4f0c0-p_c.jpg"", ""highResolutionLink"": ""https://photos.zillowstatic.com/fp/2894012ecba745e394cb11f1a1f4f0c0-p_f.jpg""}, ""thirdPartyPhotoLinks"": {}, ""hasVRModel"": false, ""hasVideos"": false, ""hasIMX"": false, ""hasApprovedThirdPartyVirtualTour"": false, ""allPropertyPhotos"": {""highResolution"": [""https://photos.zillowstatic.com/fp/2894012ecba745e394cb11f1a1f4f0c0-p_f.jpg""], ""medium"": [""https://photos.zillowstatic.com/fp/2894012ecba745e394cb11f1a1f4f0c0-p_c.jpg""]}}, ""isFeatured"": false, ""isShowcaseListing"": false, ""rental"": {""areApplicationsAccepted"": false, ""hasVirtualTour"": false}, ""currency"": ""usd"", ""country"": ""usa"", ""listingDateTimeOnZillow"": 1709424000000, ""bestGuessTimeZone"": ""America/New_York"", ""isUnmappable"": false, ""listCardRecommendation"": {""flexFieldRecommendations"": [{""displayString"": ""739 days on Zillow"", ""flexFieldType"": ""daysOnZillow"", ""contentType"": ""daysOnZillow""}]}, ""bathrooms"": 0.0, ""lotSizeWithUnit"": {""lotSize"": 26.58, ""lotSizeUnit"": ""acres""}, ""propertyType"": ""land"", ""listing"": {""listingStatus"": ""forSale"", ""marketingStatus"": ""active"", ""palsId"": ""2651002_100430954"", ""listingSubType"": {""isFSBA"": true}}, ""daysOnZillow"": 739, ""isPreforeclosureAuction"": false, ""price"": {""value"": 53000, ""changedDate"": 1762491600000, ""priceChange"": -5000}, ""estimates"": {""rentZestimate"": 845}, ""zillowOwnedProperty"": {""isZillowOwned"": false}, ""hdpView"": {""listingStatus"": ""forSale"", ""price"": 53000, ""hdpUrl"": ""/homedetail/MobileAppHDPShopperPlatformServicePage.htm?fromApp=true&p=ipad&variant=FOR_SALE#zpid=343667210&homeDetailsVariant=FOR_SALE&webviewLayout=doubleScroll&showFactsAndFeatures=true&fromApp=true&gmaps=false&streetview=false""}, ""region"": {}, ""personalizedResult"": {""isViewed"": false, ""userRecommendation"": {""isRecommendedForYou"": false}}, ""propertyDisplayRules"": {""canShowAddress"": true, ""canShowOnMap"": true, ""agent"": {}, ""mls"": {""brokerName"": ""Southern Heritage Realty LLC""}, ""builder"": {}, ""soldByOffice"": {}, ""providerLogo"": ""https://photos.zillowstatic.com/fp/411dcf2c0fca613d54315df506423c4f-zillow_apps_95_35.jpg"", ""listingCategory"": ""category1""}, ""ssid"": 2651, ""hasFloorPlan"": false}, ""resultType"": ""property""}"
9813,2076893442,NC,Transylvania County,"0 Aberdeen Ln, Pisgah Forest, NC, 28768",Pisgah Forest,28768,https://www.zillow.com/homedetail/MobileAppHDPShopperPlatformServicePage.htm?fromApp=true&p=ipad&variant=FOR_SALE#zpid=2076893442&homeDetailsVariant=FOR_SALE&webviewLayout=doubleScroll&showFactsAndFeatures=true&fromApp=true&gmaps=false&streetview=false,150000.0,50.0,3000.0,379,70,manual_review,225.9,338848.5,"Projected profit is estimated, Long DOM",,"{""property"": {""zpid"": 2076893442, ""location"": {""latitude"": 35.240433, ""longitude"": -82.67061}, ""address"": {""streetAddress"": ""0 Aberdeen Ln"", ""zipcode"": ""28768"", ""city"": ""Pisgah Forest"", ""state"": ""NC""}, ""media"": {""propertyPhotoLinks"": {""mediumSizeLink"": ""https://photos.zillowstatic.com/fp/e075c4e5b9f5a2d21720c407d2e30837-p_c.jpg"", ""highResolutionLink"": ""https://photos.zillowstatic.com/fp/e075c4e5b9f5a2d21720c407d2e30837-p_f.jpg""}, ""thirdPartyPhotoLinks"": {}, ""hasVRModel"": false, ""hasVideos"": false, ""hasIMX"": false, ""hasApprovedThirdPartyVirtualTour"": false, ""allPropertyPhotos"": {""medium"": [""https://photos.zillowstatic.com/fp/e075c4e5b9f5a2d21720c407d2e30837-p_c.jpg"", ""https://photos.zillowstatic.com/fp/a9bfd394be5f50f4dd42e00b35c1b907-p_c.jpg"", ""https://photos.zillowstatic.com/fp/c08286bb9ef2be8e32f3c78bc30b11b0-p_c.jpg"", ""https://photos.zillowstatic.com/fp/796e3163c877baa2b4a4d7b13534b54c-p_c.jpg""], ""highResolution"": [""https://photos.zillowstatic.com/fp/e075c4e5b9f5a2d21720c407d2e30837-p_f.jpg"", ""https://photos.zillowstatic.com/fp/a9bfd394be5f50f4dd42e00b35c1b907-p_f.jpg"", ""https://photos.zillowstatic.com/fp/c08286bb9ef2be8e32f3c78bc30b11b0-p_f.jpg"", ""https://photos.zillowstatic.com/fp/796e3163c877baa2b4a4d7b13534b54c-p_f.jpg""]}}, ""isFeatured"": false, ""isShowcaseListing"": false, ""rental"": {""areApplicationsAccepted"": false, ""hasVirtualTour"": false}, ""currency"": ""usd"", ""country"": ""usa"", ""listingDateTimeOnZillow"": 1740528000000, ""bestGuessTimeZone"": ""America/New_York"", ""isUnmappable"": false, ""listCardRecommendation"": {""flexFieldRecommendations"": [{""displayString"": ""379 days on Zillow"", ""flexFieldType"": ""daysOnZillow"", ""contentType"": ""daysOnZillow""}]}, ""lotSizeWithUnit"": {""lotSize"": 50.0, ""lotSizeUnit"": ""acres""}, ""propertyType"": ""land"", ""listing"": {""listingStatus"": ""forSale"", ""marketingStatus"": ""active"", ""palsId"": ""87001_4227045"", ""listingSubType"": {""isFSBA"": true}}, ""daysOnZillow"": 379, ""isPreforeclosureAuction"": false, ""price"": {""value"": 150000}, ""estimates"": {""rentZestimate"": 2190}, ""zillowOwnedProperty"": {""isZillowOwned"": false}, ""hdpView"": {""listingStatus"": ""forSale"", ""price"": 150000, ""hdpUrl"": ""/homedetail/MobileAppHDPShopperPlatformServicePage.htm?fromApp=true&p=ipad&variant=FOR_SALE#zpid=2076893442&homeDetailsVariant=FOR_SALE&webviewLayout=doubleScroll&showFactsAndFeatures=true&fromApp=true&gmaps=false&streetview=false""}, ""region"": {}, ""personalizedResult"": {""isViewed"": false, ""userRecommendation"": {""isRecommendedForYou"": false}}, ""propertyDisplayRules"": {""canShowAddress"": true, ""canShowOnMap"": true, ""agent"": {}, ""mls"": {""brokerName"": ""Lake Toxaway Co.""}, ""builder"": {}, ""soldByOffice"": {}, ""providerLogo"": ""https://photos.zillowstatic.com/fp/58ff50b038a3c30b717218872967ec00-zillow_apps_95_35.jpg"", ""listingCategory"": ""category1""}, ""ssid"": 87, ""hasFloorPlan"": false}, ""resultType"": ""property""}"
9867,2061433468,NC,Sampson County,"0 Garland Highway, Ingold, NC, 28441",Ingold,28441,https://www.zillow.com/homedetail/MobileAppHDPShopperPlatformServicePage.htm?fromApp=true&p=ipad&variant=FOR_SALE#zpid=2061433468&homeDetailsVariant=FOR_SALE&webviewLayout=doubleScroll&showFactsAndFeatures=true&fromApp=true&gmaps=false&streetview=false,90000.0,27.99,3215.43,129,60,review,61.98,55781.0,Projected profit is estimated,,"{""property"": {""zpid"": 2061433468, ""location"": {""latitude"": 34.825737, ""longitude"": -78.356834}, ""address"": {""streetAddress"": ""0 Garland Highway"", ""zipcode"": ""28441"", ""city"": ""Ingold"", ""state"": ""NC""}, ""media"": {""propertyPhotoLinks"": {""mediumSizeLink"": ""https://photos.zillowstatic.com/fp/77a0c65b0b2e30739b47f9f3b9e61c0a-p_c.jpg"", ""highResolutionLink"": ""https://photos.zillowstatic.com/fp/77a0c65b0b2e30739b47f9f3b9e61c0a-p_f.jpg""}, ""thirdPartyPhotoLinks"": {}, ""hasVRModel"": false, ""hasVideos"": false, ""hasIMX"": false, ""hasApprovedThirdPartyVirtualTour"": false, ""allPropertyPhotos"": {""highResolution"": [""https://photos.zillowstatic.com/fp/77a0c65b0b2e30739b47f9f3b9e61c0a-p_f.jpg""], ""medium"": [""https://photos.zillowstatic.com/fp/77a0c65b0b2e30739b47f9f3b9e61c0a-p_c.jpg""]}}, ""isFeatured"": false, ""isShowcaseListing"": false, ""rental"": {""areApplicationsAccepted"": false, ""hasVirtualTour"": false}, ""currency"": ""usd"", ""country"": ""usa"", ""listingDateTimeOnZillow"": 1762128000000, ""bestGuessTimeZone"": ""America/New_York"", ""isUnmappable"": false, ""listCardRecommendation"": {""flexFieldRecommendations"": [{""displayString"": ""129 days on Zillow"", ""flexFieldType"": ""daysOnZillow"", ""contentType"": ""daysOnZillow""}]}, ""bathrooms"": 0.0, ""lotSizeWithUnit"": {""lotSize"": 27.99, ""lotSizeUnit"": ""acres""}, ""propertyType"": ""land"", ""listing"": {""listingStatus"": ""forSale"", ""marketingStatus"": ""active"", ""palsId"": ""2651002_100539276"", ""listingSubType"": {""isFSBA"": true}}, ""daysOnZillow"": 129, ""isPreforeclosureAuction"": false, ""price"": {""value"": 90000, ""changedDate"": 1766034000000, ""priceChange"": 45000}, ""estimates"": {""rentZestimate"": 860}, ""zillowOwnedProperty"": {""isZillowOwned"": false}, ""hdpView"": {""listingStatus"": ""forSale"", ""price"": 90000, ""hdpUrl"": ""/homedetail/MobileAppHDPShopperPlatformServicePage.htm?fromApp=true&p=ipad&variant=FOR_SALE#zpid=2061433468&homeDetailsVariant=FOR_SALE&webviewLayout=doubleScroll&showFactsAndFeatures=true&fromApp=true&gmaps=false&streetview=false""}, ""region"": {}, ""personalizedResult"": {""isViewed"": false, ""userRecommendation"": {""isRecommendedForYou"": false}}, ""propertyDisplayRules"": {""canShowAddress"": true, ""canShowOnMap"": true, ""agent"": {}, ""mls"": {""brokerName"": ""STA Realty LLC""}, ""builder"": {}, ""soldByOffice"": {}, ""providerLogo"": ""https://photos.zillowstatic.com/fp/411dcf2c0fca613d54315df506423c4f-zillow_apps_95_35.jpg"", ""listingCategory"": ""category1""}, ""ssid"": 2651, ""hasFloorPlan"": false}, ""resultType"": ""property""}"
9783,460844889,NC,Robeson County,"0 Angie Drive, Parkton, NC, 28371",Parkton,28371,https://www.zillow.com/homedetail/MobileAppHDPShopperPlatformServicePage.htm?fromApp=true&p=ipad&variant=FOR_SALE#zpid=460844889&homeDetailsVariant=FOR_SALE&webviewLayout=doubleScroll&showFactsAndFeatures=true&fromApp=true&gmaps=false&streetview=false,59000.0,34.0,1735.29,9,50,manual_review,43.46,25640.0,"Projected profit is estimated, Borderline deal kept for manual review",,"{""property"": {""zpid"": 460844889, ""location"": {""latitude"": 34.88401, ""longitude"": -78.95835}, ""address"": {""streetAddress"": ""0 Angie Drive"", ""zipcode"": ""28371"", ""city"": ""Parkton"", ""state"": ""NC""}, ""media"": {""propertyPhotoLinks"": {""mediumSizeLink"": ""https://photos.zillowstatic.com/fp/f665dc930c97b0e40b3744e714a8938e-p_c.jpg"", ""highResolutionLink"": ""https://photos.zillowstatic.com/fp/f665dc930c97b0e40b3744e714a8938e-p_f.jpg""}, ""thirdPartyPhotoLinks"": {}, ""hasVRModel"": false, ""hasVideos"": false, ""hasIMX"": false, ""hasApprovedThirdPartyVirtualTour"": false, ""allPropertyPhotos"": {""medium"": [""https://photos.zillowstatic.com/fp/f665dc930c97b0e40b3744e714a8938e-p_c.jpg"", ""https://photos.zillowstatic.com/fp/f58d223b94001d9d22233f507f3c11cf-p_c.jpg"", ""https://photos.zillowstatic.com/fp/e052824dcf828fae1961f9a1756135e4-p_c.jpg"", ""https://photos.zillowstatic.com/fp/9b3af4cea15a8717e8eff020cfb9bb21-p_c.jpg"", ""https://photos.zillowstatic.com/fp/296faca2f7ccbf8bfd31a8d2f4f51dd3-p_c.jpg"", ""https://photos.zillowstatic.com/fp/e3898be04232370cc3ff335ca967c4e1-p_c.jpg"", ""https://photos.zillowstatic.com/fp/b147d235d6dd8547860d46b38bbc6324-p_c.jpg""], ""highResolution"": [""https://photos.zillowstatic.com/fp/f665dc930c97b0e40b3744e714a8938e-p_f.jpg"", ""https://photos.zillowstatic.com/fp/f58d223b94001d9d22233f507f3c11cf-p_f.jpg"", ""https://photos.zillowstatic.com/fp/e052824dcf828fae1961f9a1756135e4-p_f.jpg"", ""https://photos.zillowstatic.com/fp/9b3af4cea15a8717e8eff020cfb9bb21-p_f.jpg"", ""https://photos.zillowstatic.com/fp/296faca2f7ccbf8bfd31a8d2f4f51dd3-p_f.jpg"", ""https://photos.zillowstatic.com/fp/e3898be04232370cc3ff335ca967c4e1-p_f.jpg"", ""https://photos.zillowstatic.com/fp/b147d235d6dd8547860d46b38bbc6324-p_f.jpg""]}}, ""isFeatured"": false, ""isShowcaseListing"": false, ""rental"": {""areApplicationsAccepted"": false, ""hasVirtualTour"": false}, ""currency"": ""usd"", ""country"": ""usa"", ""listingDateTimeOnZillow"": 1772496000000, ""bestGuessTimeZone"": ""America/New_York"", ""isUnmappable"": false, ""listCardRecommendation"": {""flexFieldRecommendations"": [{""displayString"": ""9 days on Zillow"", ""flexFieldType"": ""daysOnZillow"", ""contentType"": ""daysOnZillow""}]}, ""bathrooms"": 0.0, ""lotSizeWithUnit"": {""lotSize"": 34.0, ""lotSizeUnit"": ""acres""}, ""propertyType"": ""land"", ""listing"": {""listingStatus"": ""forSale"", ""marketingStatus"": ""active"", ""palsId"": ""2651002_100557849"", ""listingSubType"": {""isFSBA"": true}}, ""daysOnZillow"": 9, ""isPreforeclosureAuction"": false, ""price"": {""value"": 59000}, ""estimates"": {}, ""zillowOwnedProperty"": {""isZillowOwned"": false}, ""hdpView"": {""listingStatus"": ""forSale"", ""price"": 59000, ""hdpUrl"": ""/homedetail/MobileAppHDPShopperPlatformServicePage.htm?fromApp=true&p=ipad&variant=FOR_SALE#zpid=460844889&homeDetailsVariant=FOR_SALE&webviewLayout=doubleScroll&showFactsAndFeatures=true&fromApp=true&gmaps=false&streetview=false""}, ""region"": {}, ""personalizedResult"": {""isViewed"": false, ""userRecommendation"": {""isRecommendedForYou"": false}}, ""propertyDisplayRules"": {""canShowAddress"": true, ""canShowOnMap"": true, ""agent"": {}, ""mls"": {""brokerName"": ""Coldwell Banker Preferred Properties""}, ""builder"": {}, ""soldByOffice"": {}, ""providerLogo"": ""https://photos.zillowstatic.com/fp/411dcf2c0fca613d54315df506423c4f-zillow_apps_95_35.jpg"", ""listingCategory"": ""category1""}, ""ssid"": 2651, ""hasFloorPlan"": false}, ""resultType"": ""property""}"
